field-content,field-content href
Bachelor of Arts,https://calendar.adelaide.edu.au/aprcw/2025/barts_bart
Bachelor of Arts (Advanced),https://calendar.adelaide.edu.au/aprcw/2025/barta_bartadv
Bachelor of Arts (Advanced) with Bachelor of Laws,https://calendar.adelaide.edu.au/aprcw/2025/baabl_baadvbl
Bachelor of Arts (Advanced) with Bachelor of Laws (Honours),https://calendar.adelaide.edu.au/aprcw/2025/haala_hbaadvblaw
Bachelor of Arts (Honours),https://calendar.adelaide.edu.au/aprcw/2025/harts_hbart
Bachelor of Arts with Bachelor of Economics,https://calendar.adelaide.edu.au/aprcw/2025/babec_bartbec
Bachelor of Arts with Bachelor of Music,https://calendar.adelaide.edu.au/aprcw/2025/babmu_bartbmusd1
Bachelor of Arts with Bachelor of Science,https://calendar.adelaide.edu.au/aprcw/2025/babsc_bartbscd1
Bachelor of Business,https://calendar.adelaide.edu.au/aprcw/2025/bbus_bbusiness
Bachelor of Commerce,https://calendar.adelaide.edu.au/aprcw/2025/bcom_bcombcomacctbcomacctosbcomcorfin
Bachelor of Commerce (Honours),https://calendar.adelaide.edu.au/aprcw/2025/hcom_hbcom
Bachelor of Criminology,https://calendar.adelaide.edu.au/aprcw/2025/bcrim_bcrim
Bachelor of Criminology (Honours),https://calendar.adelaide.edu.au/aprcw/2025/hcrim_hbcrim
Bachelor of Criminology with Bachelor of Laws,https://calendar.adelaide.edu.au/aprcw/2025/bcbl_bcrimblaw
Bachelor of Criminology with Bachelor of Laws (Honours),https://calendar.adelaide.edu.au/aprcw/2025/hcrla_hbcrimblaw
Bachelor of Economics,https://calendar.adelaide.edu.au/aprcw/2025/bec_becon
Bachelor of Economics (Advanced),https://calendar.adelaide.edu.au/aprcw/2025/beca_beconadv
Bachelor of Economics (Honours),https://calendar.adelaide.edu.au/aprcw/2025/hec_hbec
Bachelor of Economics with Bachelor of Finance and Banking,https://calendar.adelaide.edu.au/aprcw/2025/bebfb_beconbfbd1
Bachelor of Environmental Policy and Management,https://calendar.adelaide.edu.au/aprcw/2025/benvs_benvs
Bachelor of Environmental Policy and Management (Honours),https://calendar.adelaide.edu.au/aprcw/2025/henst_hbenvst
Bachelor of Finance (Honours),https://calendar.adelaide.edu.au/aprcw/2025/hfin_hbfin
Bachelor of Finance and Banking,https://calendar.adelaide.edu.au/aprcw/2025/bfb_bfinbank
Bachelor of Finance and Banking  with Bachelor of Mathematical and Computer Sciences,https://calendar.adelaide.edu.au/aprcw/2025/bfbbm_bfbbmd1
Bachelor of International Business [online],https://calendar.adelaide.edu.au/aprcw/2025/bib_bintbusoua
Bachelor of International Development,https://calendar.adelaide.edu.au/aprcw/2025/bdvst_bdevstud
Bachelor of International Development (Honours),https://calendar.adelaide.edu.au/aprcw/2025/hdvst_hbdevstud
Bachelor of International Relations,https://calendar.adelaide.edu.au/aprcw/2025/bintr_bintlrel
Bachelor of International Relations (Honours),https://calendar.adelaide.edu.au/aprcw/2025/hbinr_hbintlrel
Bachelor of International Relations with Bachelor of Arts,https://calendar.adelaide.edu.au/aprcw/2025/birba_bintrebart
Bachelor of International Relations with Bachelor of Economics,https://calendar.adelaide.edu.au/aprcw/2025/birbe_bintrebec
Bachelor of International Relations with Bachelor of Media,https://calendar.adelaide.edu.au/aprcw/2025/birbm_bintrebmed
Bachelor of Languages,https://calendar.adelaide.edu.au/aprcw/2025/blang_blang
Bachelor of Languages (Honours),https://calendar.adelaide.edu.au/aprcw/2025/hlang_hblang
Bachelor of Laws,https://calendar.adelaide.edu.au/aprcw/2025/blaws_llb
Bachelor of Laws (Honours),https://calendar.adelaide.edu.au/aprcw/2025/hllb_hlaw
Bachelor of Media,https://calendar.adelaide.edu.au/aprcw/2025/bmedi_bmedia
Bachelor of Media (Honours),https://calendar.adelaide.edu.au/aprcw/2025/hmedi_hbmedia
Bachelor of Media with Bachelor of Arts,https://calendar.adelaide.edu.au/aprcw/2025/bmeba_bmediabart
Bachelor of Media with Bachelor of Computer Sciences,https://calendar.adelaide.edu.au/aprcw/2025/bmbcs_bmediabcsc
Bachelor of Media with Bachelor of Criminology,https://calendar.adelaide.edu.au/aprcw/2025/bmbc_bmediabcri
Bachelor of Media with Bachelor of Sociology,https://calendar.adelaide.edu.au/aprcw/2025/bmbs_bmediabsoc
Bachelor of Music,https://calendar.adelaide.edu.au/aprcw/2025/bmus_bmuscpbmusjpbmuscrpbmusme
Bachelor of Music (Advanced),https://calendar.adelaide.edu.au/aprcw/2025/bmadv_bmusacpbmusajpbmusamebmusacrp
Bachelor of Music (Honours),https://calendar.adelaide.edu.au/aprcw/2025/hmus_hbmuscphbmusjphbmusicolhbmuscrp
Bachelor of Music Theatre,https://calendar.adelaide.edu.au/aprcw/2025/bmuth_bmusthtre
"Bachelor of Philosophy, Politics and Economics",https://calendar.adelaide.edu.au/aprcw/2025/bppe_bphilpolec
Bachelor of Project Management,https://calendar.adelaide.edu.au/aprcw/2025/bpm_bprojmgt
Bachelor of Sociology,https://calendar.adelaide.edu.au/aprcw/2025/bsoc_bsociol
Bachelor of Sociology (Honours),https://calendar.adelaide.edu.au/aprcw/2025/hsoc_hbsocio
Bachelor of Teaching (Secondary) with Bachelor of Arts,https://calendar.adelaide.edu.au/aprcw/2025/btsba_btchsecba
Bachelor of Teaching (Secondary) with Bachelor of Mathematical and Computer Sciences,https://calendar.adelaide.edu.au/aprcw/2025/btsm_btchsecbm
Bachelor of Teaching (Secondary) with Bachelor of Music,https://calendar.adelaide.edu.au/aprcw/2025/btsbm_btchsecbmu
Bachelor of Teaching (Secondary) with Bachelor of Science,https://calendar.adelaide.edu.au/aprcw/2025/btsbs_btchsecbsc
Diploma in Arts,https://calendar.adelaide.edu.au/aprcw/2025/darts_diparts
Diploma in Arts (Specialisation),https://calendar.adelaide.edu.au/aprcw/2025/darsp_dipartsp
Diploma in Business,https://calendar.adelaide.edu.au/aprcw/2025/dbus_dipbus
Diploma in Languages,https://calendar.adelaide.edu.au/aprcw/2025/dilan_diplang
Executive Graduate Certificate in Business Administration,https://calendar.adelaide.edu.au/aprcw/2025/egcba_exgcbusad
Executive Graduate Diploma in Business Administration,https://calendar.adelaide.edu.au/aprcw/2025/egdba_exgdbusad
Executive Master of Business Administration,https://calendar.adelaide.edu.au/aprcw/2025/emba_exmbusad
Graduate Certificate in Business Administration [Online],https://calendar.adelaide.edu.au/aprcw/2025/gcbao_gcbaol
Graduate Certificate in Business Analytics,https://calendar.adelaide.edu.au/aprcw/2025/gcban_gcbusan
Graduate Certificate in Curatorial and Museum Studies,https://calendar.adelaide.edu.au/aprcw/2025/gccum_gccmusst
Graduate Certificate in Economics and Resource Policy,https://calendar.adelaide.edu.au/aprcw/2025/gcerp_gcecrepol
Graduate Certificate in Education,https://calendar.adelaide.edu.au/aprcw/2025/gced_gceduc
Graduate Certificate in Environmental Policy and Management,https://calendar.adelaide.edu.au/aprcw/2025/gcepm_gcenvpm
Graduate Certificate in Immersive Media Technologies,https://calendar.adelaide.edu.au/aprcw/2025/gcimt_gcimedtech
Graduate Certificate in International Security,https://calendar.adelaide.edu.au/aprcw/2025/gcins_gcintsec
Graduate Certificate in Law,https://calendar.adelaide.edu.au/aprcw/2025/gclaw_gclaw
Graduate Certificate in Media (Strategic Communication),https://calendar.adelaide.edu.au/aprcw/2025/gcmsc_gcmedsc
Graduate Certificate in Military Law,https://calendar.adelaide.edu.au/aprcw/2025/gcmla_gcmillaw
Graduate Certificate in Project Management,https://calendar.adelaide.edu.au/aprcw/2025/gcpm_gcpromgt
Graduate Certificate in Public Policy,https://calendar.adelaide.edu.au/aprcw/2025/gcpup_gcpubpoli
Graduate Certificate in Wine Business,https://calendar.adelaide.edu.au/aprcw/2025/gcwib_gcwinebus
Graduate Diploma in Business Administration [Online],https://calendar.adelaide.edu.au/aprcw/2025/gdbao_gdbaol
Graduate Diploma in Business Analytics,https://calendar.adelaide.edu.au/aprcw/2025/gdban_gdbusan
Graduate Diploma in Curatorial and Museum Studies,https://calendar.adelaide.edu.au/aprcw/2025/gdcum_gdcmusst
Graduate Diploma in Economics and Resource Policy,https://calendar.adelaide.edu.au/aprcw/2025/gderp_gdecrepol
Graduate Diploma in Education Studies,https://calendar.adelaide.edu.au/aprcw/2025/gdes_gdeducst
Graduate Diploma in Environmental Policy and Management,https://calendar.adelaide.edu.au/aprcw/2025/gdepm_gdenvpm
Graduate Diploma in Immersive Media Technologies,https://calendar.adelaide.edu.au/aprcw/2025/gdimt_gdimedtech
Graduate Diploma in International Security,https://calendar.adelaide.edu.au/aprcw/2025/gdins_gdintsec
Graduate Diploma in Law,https://calendar.adelaide.edu.au/aprcw/2025/gdlaw_gdlaw
Graduate Diploma in Legal Practice,https://calendar.adelaide.edu.au/aprcw/2025/gdlp_gdlegalpr
Graduate Diploma in Media (Strategic Communication),https://calendar.adelaide.edu.au/aprcw/2025/gdms_gdmedsc
Graduate Diploma in Military Law,https://calendar.adelaide.edu.au/aprcw/2025/gdmla_gdmillaw
Graduate Diploma in Music (Performance and Pedagogy),https://calendar.adelaide.edu.au/aprcw/2025/gdmpp_gdmuspp
Graduate Diploma in Music Performance,https://calendar.adelaide.edu.au/aprcw/2025/gdmup_gdmusperf
Graduate Diploma in Project Management,https://calendar.adelaide.edu.au/aprcw/2025/gdpm_gdpromgt
Graduate Diploma in Public Policy,https://calendar.adelaide.edu.au/aprcw/2025/gdpup_gdpubpoli
Graduate Diploma in Wine Business,https://calendar.adelaide.edu.au/aprcw/2025/gdwib_gdwinebus
Master of Accounting,https://calendar.adelaide.edu.au/aprcw/2025/maccg_maccntg
Master of Accounting and Finance,https://calendar.adelaide.edu.au/aprcw/2025/macfi_macfin
Master of Applied Finance,https://calendar.adelaide.edu.au/aprcw/2025/mapfn_mappfi
Master of Business Administration,https://calendar.adelaide.edu.au/aprcw/2025/mbusa_mbusad
Master of Business Administration (Health Management) [Online],https://calendar.adelaide.edu.au/aprcw/2025/mbahm_mbahmol
Master of Business Administration (International),https://calendar.adelaide.edu.au/aprcw/2025/mbain_mbusadi
Master of Business Administration [Online],https://calendar.adelaide.edu.au/aprcw/2025/mbaol_mbaol
Master of Business Analytics,https://calendar.adelaide.edu.au/aprcw/2025/mbana_mbusana
Master of Curatorial and Museum Studies,https://calendar.adelaide.edu.au/aprcw/2025/mcms_mcmusst
Master of Economics and Resource Policy,https://calendar.adelaide.edu.au/aprcw/2025/merp_mecrepol
Master of Education,https://calendar.adelaide.edu.au/aprcw/2025/meduc_meduc
Master of Environmental Policy and Management,https://calendar.adelaide.edu.au/aprcw/2025/menpm_menvpmgt
Master of Finance,https://calendar.adelaide.edu.au/aprcw/2025/mfin_mfinance
Master of Finance and Business Economics,https://calendar.adelaide.edu.au/aprcw/2025/mfbe_mfbec
Master of Immersive Media Technologies,https://calendar.adelaide.edu.au/aprcw/2025/mimt_mimedtech
Master of International and Security Law,https://calendar.adelaide.edu.au/aprcw/2025/misl_mintsl
Master of International Management,https://calendar.adelaide.edu.au/aprcw/2025/mim_mintmgmt
Master of International Security,https://calendar.adelaide.edu.au/aprcw/2025/minse_mintsec
Master of Laws (Coursework),https://calendar.adelaide.edu.au/aprcw/2025/mlawc_llmcwk
Master of Marketing,https://calendar.adelaide.edu.au/aprcw/2025/mmark_mmarket
Master of Media (Strategic Communication),https://calendar.adelaide.edu.au/aprcw/2025/mmesc_mmesc
Master of Music (Performance and Pedagogy),https://calendar.adelaide.edu.au/aprcw/2025/mmupp_mmuspp
Master of Music (Performance Studies),https://calendar.adelaide.edu.au/aprcw/2025/mmups_mmuspest
Master of Professional Accounting,https://calendar.adelaide.edu.au/aprcw/2025/mprac_mprofac
Master of Project Management,https://calendar.adelaide.edu.au/aprcw/2025/mpmt_mprojmgt
Master of Project Management (Complex Systems),https://calendar.adelaide.edu.au/aprcw/2025/mpmcs_mpmcomsy
Master of Public Policy,https://calendar.adelaide.edu.au/aprcw/2025/mpup_mpubpoli
Master of Teaching (Secondary),https://calendar.adelaide.edu.au/aprcw/2025/mts_mteachs
Master of Technology Innovation and Leadership,https://calendar.adelaide.edu.au/aprcw/2025/mtil_mtchinld
Master of Wine Business,https://calendar.adelaide.edu.au/aprcw/2025/mwb_mwinbus
Professional Certificate in Advisory Services,https://calendar.adelaide.edu.au/aprcw/2025/pcas_pcadserv
Professional Certificate in Arbitration,https://calendar.adelaide.edu.au/aprcw/2025/pcarb_pcarb
Professional Certificate in Business Studies,https://calendar.adelaide.edu.au/aprcw/2025/pcbs_pcbusst
Professional Certificate in Defence Contracting Law,https://calendar.adelaide.edu.au/aprcw/2025/pcdcl_pcdefcl
Professional Certificate in Defence Industry Leadership,https://calendar.adelaide.edu.au/aprcw/2025/pcdil_pcdefinl
Professional Certificate in Education,https://calendar.adelaide.edu.au/aprcw/2025/pced_pceduc
Professional Certificate in Environmental Policy and Management,https://calendar.adelaide.edu.au/aprcw/2025/pcepm_pcenvpm
Professional Certificate in Nuclear Law,https://calendar.adelaide.edu.au/aprcw/2025/pcnl_pcnuclaw
Professional Certificate in Public Policy,https://calendar.adelaide.edu.au/aprcw/2025/pcpup_pcpubpoli
Professional Certificate in Space Law,https://calendar.adelaide.edu.au/aprcw/2025/pcsl_pcspacelaw
Doctor of Philosophy,https://calendar.adelaide.edu.au/aprhdr/2025/doctor-philosophy
Doctor of Philosophy,https://calendar.adelaide.edu.au/aprhdr/2025/doctor-philosophy
Master of Philosophy,https://calendar.adelaide.edu.au/aprhdr/2025/master-philosophy
Master of Philosophy,https://calendar.adelaide.edu.au/aprhdr/2025/master-philosophy
Bachelor of Dental Surgery,https://calendar.adelaide.edu.au/aprcw/2025/bds_bds
Bachelor of Health and Medical Sciences,https://calendar.adelaide.edu.au/aprcw/2025/bhms_bhlthmsc
Bachelor of Health and Medical Sciences (Advanced),https://calendar.adelaide.edu.au/aprcw/2025/bhmsa_bhlthmsca
Bachelor of Health and Medical Sciences (Honours),https://calendar.adelaide.edu.au/aprcw/2025/hhmsc_hbhlthmeds
Bachelor of Health Service Management [online],https://calendar.adelaide.edu.au/aprcw/2025/bhsm_bhsmoua
Bachelor of Medical Studies,https://calendar.adelaide.edu.au/aprcw/2025/bms_bmedstud
Bachelor of Nursing,https://calendar.adelaide.edu.au/aprcw/2025/bnurs_bnursing
Bachelor of Occupational Therapy (Honours),https://calendar.adelaide.edu.au/aprcw/2025/hocth_hboccther
Bachelor of Oral Health,https://calendar.adelaide.edu.au/aprcw/2025/boral_boralhlth
Bachelor of Physiotherapy (Honours),https://calendar.adelaide.edu.au/aprcw/2025/hphys_hbphys
Bachelor of Psychological Science,https://calendar.adelaide.edu.au/aprcw/2025/bpsyc_bpsyc
Bachelor of Psychological Science (Honours),https://calendar.adelaide.edu.au/aprcw/2025/hpsy_hbpsyc
Bachelor of Psychology (Advanced) (Honours),https://calendar.adelaide.edu.au/aprcw/2025/hpsya_hbpsycadv
Bachelor of Speech Pathology (Honours),https://calendar.adelaide.edu.au/aprcw/2025/hsppa_hbsppath
Doctor of Clinical Dentistry,https://calendar.adelaide.edu.au/aprcw/2025/drcd_drclinden
Doctor of Medicine,https://calendar.adelaide.edu.au/aprcw/2025/dmedi_dmedic
Graduate Certificate in Alcohol and Drug Studies,https://calendar.adelaide.edu.au/aprcw/2025/gcads_gcalcdrugs
Graduate Certificate in Biostatistics,https://calendar.adelaide.edu.au/aprcw/2025/gcbst_gcbiostat
Graduate Certificate in Counselling and Psychotherapy,https://calendar.adelaide.edu.au/aprcw/2025/gccp_gccounpsy
Graduate Certificate in International Addiction Studies,https://calendar.adelaide.edu.au/aprcw/2025/gcias_gcintadst
Graduate Certificate in Nursing Science (Infection Control Nursing),https://calendar.adelaide.edu.au/aprcw/2025/gcnsc_gcnsicnol
Graduate Certificate in Oral Health Science,https://calendar.adelaide.edu.au/aprcw/2025/gcorh_gcorhlthsc
Graduate Certificate in Psychology [Online],https://calendar.adelaide.edu.au/aprcw/2025/gcpsy_gcpsyol
Graduate Certificate in Public Health,https://calendar.adelaide.edu.au/aprcw/2025/gcpuh_gcpubhlth
Graduate Diploma in Addiction and Mental Health,https://calendar.adelaide.edu.au/aprcw/2025/gdamh_gdadmhlt
Graduate Diploma in Biostatistics,https://calendar.adelaide.edu.au/aprcw/2025/gdbst_gdbiostat
Graduate Diploma in Counselling and Psychotherapy,https://calendar.adelaide.edu.au/aprcw/2025/gdcp_gdcounpsy
Graduate Diploma in Forensic Odontology,https://calendar.adelaide.edu.au/aprcw/2025/gdfod_gdforodon
Graduate Diploma in International Addiction Studies,https://calendar.adelaide.edu.au/aprcw/2025/gdias_gdintadst
Graduate Diploma in Nursing Science,https://calendar.adelaide.edu.au/aprcw/2025/gdnsc_gdnsgdnsaccaregdnsanarecgdnscardia
Graduate Diploma in Psychology (Advanced) [Online],https://calendar.adelaide.edu.au/aprcw/2025/gdpsa_gdpsaol
Graduate Diploma in Psychology [Online],https://calendar.adelaide.edu.au/aprcw/2025/gdps_gdpsychol
Graduate Diploma in Public Health,https://calendar.adelaide.edu.au/aprcw/2025/gdpuh_gdpubhlth
Master of Biostatistics,https://calendar.adelaide.edu.au/aprcw/2025/mbst_mbiostats
Master of Clinical Nursing,https://calendar.adelaide.edu.au/aprcw/2025/mclnu_mclinur
Master of Counselling and Psychotherapy,https://calendar.adelaide.edu.au/aprcw/2025/mcp_mcounpsy
Master of Minimally Invasive Surgery,https://calendar.adelaide.edu.au/aprcw/2025/mmis_mmininvsur
Master of Nurse Practitioner,https://calendar.adelaide.edu.au/aprcw/2025/mnp_mnurprac
Master of Nursing Science,https://calendar.adelaide.edu.au/aprcw/2025/mnusc_mnurscacmnurscarmnurscenmnurscic
Master of Psychology (Clinical),https://calendar.adelaide.edu.au/aprcw/2025/mpsyc_mclinpsy
Master of Psychology (Health),https://calendar.adelaide.edu.au/aprcw/2025/mpsyh_mpsyhealth
Master of Psychology (Organisational and Human Factors),https://calendar.adelaide.edu.au/aprcw/2025/mpohf_mpsychohm
Master of Public Health,https://calendar.adelaide.edu.au/aprcw/2025/mph_mpubhlt
Master of Science in Addiction Studies,https://calendar.adelaide.edu.au/aprcw/2025/mas_maddstud
Doctor of Philosophy,https://calendar.adelaide.edu.au/aprhdr/2025/doctor-philosophy
Master of Clinical Science,https://calendar.adelaide.edu.au/aprhdr/2025/master-clinical-science
Master of Philosophy,https://calendar.adelaide.edu.au/aprhdr/2025/master-philosophy
Associate Degree in Construction Management,https://calendar.adelaide.edu.au/aprcw/2025/adcm_adconstmgt
Bachelor of Agricultural Sciences,https://calendar.adelaide.edu.au/aprcw/2025/bags_bagricsci
Bachelor of Applied Data Analytics,https://calendar.adelaide.edu.au/aprcw/2025/bada_bapda
Bachelor of Architectural Design,https://calendar.adelaide.edu.au/aprcw/2025/bdest_bdesignst
Bachelor of Architectural Design (Honours),https://calendar.adelaide.edu.au/aprcw/2025/hdess_hbdesignst
Bachelor of Biotechnology,https://calendar.adelaide.edu.au/aprcw/2025/bbio_bbiotec
Bachelor of Biotechnology (Honours),https://calendar.adelaide.edu.au/aprcw/2025/hbio_hbbiotec
Bachelor of Computer Science,https://calendar.adelaide.edu.au/aprcw/2025/bcomp_bcmpsci
Bachelor of Computer Science (Advanced),https://calendar.adelaide.edu.au/aprcw/2025/bcmsa_bcmpscadv
Bachelor of Computer Science (Honours),https://calendar.adelaide.edu.au/aprcw/2025/hcomp_hbcompsc
Bachelor of Construction Management,https://calendar.adelaide.edu.au/aprcw/2025/bcm_bconsmgt
Bachelor of Construction Management (Honours),https://calendar.adelaide.edu.au/aprcw/2025/hcm_hbcm
Bachelor of Engineering (Honours) (Architectural and Structural),https://calendar.adelaide.edu.au/aprcw/2025/bengh_behass1
Bachelor of Engineering (Honours) (Chemical),https://calendar.adelaide.edu.au/aprcw/2025/bengh_behchems1
Bachelor of Engineering (Honours) (Chemical) with Bachelor of Biotechnology,https://calendar.adelaide.edu.au/aprcw/2025/bedsr_behchemd6
Bachelor of Engineering (Honours) (Chemical) with Bachelor of Finance and Banking,https://calendar.adelaide.edu.au/aprcw/2025/bedfo_behchemd5
Bachelor of Engineering (Honours) (Chemical) with Bachelor of Mathematical and Computer Sciences,https://calendar.adelaide.edu.au/aprcw/2025/bedmn_behchemd4
Bachelor of Engineering (Honours) (Chemical) with Bachelor of Science,https://calendar.adelaide.edu.au/aprcw/2025/bedsm_behchemd3
Bachelor of Engineering (Honours) (Civil),https://calendar.adelaide.edu.au/aprcw/2025/bengh_behcivs1
Bachelor of Engineering (Honours) (Civil) with Bachelor of Finance and Banking,https://calendar.adelaide.edu.au/aprcw/2025/bedfp_behcivild5
Bachelor of Engineering (Honours) (Civil) with Bachelor of Mathematical and Computer Sciences,https://calendar.adelaide.edu.au/aprcw/2025/bedmm_behcivild4
Bachelor of Engineering (Honours) (Electrical and Electronic),https://calendar.adelaide.edu.au/aprcw/2025/bengh_behees1
Bachelor of Engineering (Honours) (Electrical and Electronic) with Bachelor of Finance and Banking,https://calendar.adelaide.edu.au/aprcw/2025/bedfq_beheed5
Bachelor of Engineering (Honours) (Electrical and Electronic) with Bachelor of Mathematical and Computer Sciences,https://calendar.adelaide.edu.au/aprcw/2025/bedmo_beheed4
Bachelor of Engineering (Honours) (Environmental and Climate Solutions),https://calendar.adelaide.edu.au/aprcw/2025/bengh_behecs
Bachelor of Engineering (Honours) (Mechanical),https://calendar.adelaide.edu.au/aprcw/2025/bengh_behmechs1
Bachelor of Engineering (Honours) (Mechanical)  with Bachelor of Mathematical and Computer Sciences,https://calendar.adelaide.edu.au/aprcw/2025/bedmp_behmechd4
Bachelor of Engineering (Honours) (Mechanical) with Bachelor of Finance and Banking,https://calendar.adelaide.edu.au/aprcw/2025/bedfs_behmechd5
Bachelor of Engineering (Honours) (Mechanical) with Bachelor of Science,https://calendar.adelaide.edu.au/aprcw/2025/bedsn_behmechd3
Bachelor of Engineering (Honours) (Mining),https://calendar.adelaide.edu.au/aprcw/2025/bengh_behmins1
Bachelor of Engineering (Honours) (Petroleum),https://calendar.adelaide.edu.au/aprcw/2025/bengh_behpets1
"Bachelor of Engineering (Honours) (Petroleum) with majors in Civil, Chemical, Mechanical or Mining engineering",https://calendar.adelaide.edu.au/aprcw/2025/behpe_behpetrolbehpetrolm
Bachelor of Engineering (Honours) (Software),https://calendar.adelaide.edu.au/aprcw/2025/bengh_behsoftws1
Bachelor of Engineering (Honours) - Engineering Pathway,https://calendar.adelaide.edu.au/aprcw/2025/behep_behengpath
Bachelor of Engineering (Honours) - Flexible Entry,https://calendar.adelaide.edu.au/aprcw/2025/behf_behflex
Bachelor of Food and Nutrition Science,https://calendar.adelaide.edu.au/aprcw/2025/bfsct_bfoodsct
Bachelor of Food and Nutrition Science (Honours),https://calendar.adelaide.edu.au/aprcw/2025/hfsct_hbfsct
Bachelor of Food and Nutrition Science (Honours) [4 years],https://calendar.adelaide.edu.au/aprcw/2025/hfnsc_hbfnsc
Bachelor of Information Technology,https://calendar.adelaide.edu.au/aprcw/2025/bit_binftech
Bachelor of Marine and Wildlife Conservation,https://calendar.adelaide.edu.au/aprcw/2025/bmwc_bmwcons
Bachelor of Mathematical and Computer Sciences,https://calendar.adelaide.edu.au/aprcw/2025/bscms_bscmcs
Bachelor of Mathematical Sciences,https://calendar.adelaide.edu.au/aprcw/2025/bmasc_bmathsci
Bachelor of Mathematical Sciences (Advanced),https://calendar.adelaide.edu.au/aprcw/2025/bmsad_bmathscadv
Bachelor of Mathematical Sciences (Honours),https://calendar.adelaide.edu.au/aprcw/2025/hmasc_hbmathsci
Bachelor of Mathematical Sciences (Honours) [4 years],https://calendar.adelaide.edu.au/aprcw/2025/hmsc_hbmathsc
Bachelor of Science,https://calendar.adelaide.edu.au/aprcw/2025/bsc_bsci
Bachelor of Science (Advanced),https://calendar.adelaide.edu.au/aprcw/2025/bsc_bscadv
Bachelor of Science (Advanced)(Honours) [4 Years],https://calendar.adelaide.edu.au/aprcw/2025/hscia_hbsciadv
Bachelor of Science (Animal Behaviour),https://calendar.adelaide.edu.au/aprcw/2025/bsc_bscab
Bachelor of Science (Animal Science),https://calendar.adelaide.edu.au/aprcw/2025/bsc_bscas
Bachelor of Science (Biomedical Science),https://calendar.adelaide.edu.au/aprcw/2025/bsc_bscibiomed
Bachelor of Science (High Performance Computational Physics) (Honours),https://calendar.adelaide.edu.au/aprcw/2025/hschp_hschp
Bachelor of Science (Honours),https://calendar.adelaide.edu.au/aprcw/2025/hsc_hbsc
Bachelor of Science (Honours) [4 years],https://calendar.adelaide.edu.au/aprcw/2025/hsci_hbsci
Bachelor of Science (Mineral Geoscience),https://calendar.adelaide.edu.au/aprcw/2025/bsc_bscmige
Bachelor of Science (Space Science and Astrophysics),https://calendar.adelaide.edu.au/aprcw/2025/bsc_bscssap
Bachelor of Science (Veterinary Bioscience),https://calendar.adelaide.edu.au/aprcw/2025/bscpv_bscaspv
Bachelor of Veterinary Technology,https://calendar.adelaide.edu.au/aprcw/2025/bvt_bvettech
Bachelor of Viticulture and Oenology,https://calendar.adelaide.edu.au/aprcw/2025/bvito_bvitoenol
Bachelor of Viticulture and Oenology (Honours),https://calendar.adelaide.edu.au/aprcw/2025/hvito_hbvitoen
Diploma in Engineering,https://calendar.adelaide.edu.au/aprcw/2025/deng_dipeng
Doctor of Veterinary Medicine,https://calendar.adelaide.edu.au/aprcw/2025/dvetm_drvetmedi
Graduate Certificate in Artificial Intelligence and Machine Learning,https://calendar.adelaide.edu.au/aprcw/2025/gcaim_gcaiml
Graduate Certificate in Biotechnology (Biomedical),https://calendar.adelaide.edu.au/aprcw/2025/gcbib_gcbibiom
Graduate Certificate in Computer Science,https://calendar.adelaide.edu.au/aprcw/2025/gccms_gccompsco
Graduate Certificate in Cyber Security,https://calendar.adelaide.edu.au/aprcw/2025/gccys_gccysec
Graduate Certificate in Cyber Security [Online],https://calendar.adelaide.edu.au/aprcw/2025/gccse_gccsec
Graduate Certificate in Data Science,https://calendar.adelaide.edu.au/aprcw/2025/gcdsc_gcdatasc
Graduate Certificate in Data Science (Applied) [Online],https://calendar.adelaide.edu.au/aprcw/2025/gcdsa_gcdscapol
Graduate Certificate in Food and Nutrition Science,https://calendar.adelaide.edu.au/aprcw/2025/gcfns_gcfoodns
Graduate Certificate in Global Food and Nutrition Science,https://calendar.adelaide.edu.au/aprcw/2025/gcgfn_gcglobfns
Graduate Certificate in Maritime Engineering,https://calendar.adelaide.edu.au/aprcw/2025/gcmen_gcmaren
Graduate Certificate in Materials Engineering,https://calendar.adelaide.edu.au/aprcw/2025/gcme_gcmateng
Graduate Certificate in Medical Physics,https://calendar.adelaide.edu.au/aprcw/2025/gcmp_gcmedphys
Graduate Certificate in Petroleum Engineering,https://calendar.adelaide.edu.au/aprcw/2025/gcpe_gcpeteng
Graduate Certificate in Radiation Management,https://calendar.adelaide.edu.au/aprcw/2025/gcrm_gcradmgt
Graduate Diploma in Artificial Intelligence and Machine Learning,https://calendar.adelaide.edu.au/aprcw/2025/gdaim_gdaiml
Graduate Diploma in Biotechnology (Biomedical),https://calendar.adelaide.edu.au/aprcw/2025/gdbib_gdbibiom
Graduate Diploma in Computer Science,https://calendar.adelaide.edu.au/aprcw/2025/gdcms_gdcompsci
Graduate Diploma in Cyber Security,https://calendar.adelaide.edu.au/aprcw/2025/gdcys_gdcysec
Graduate Diploma in Cyber Security [Online],https://calendar.adelaide.edu.au/aprcw/2025/gdcso_gdcybsecol
Graduate Diploma in Data Science,https://calendar.adelaide.edu.au/aprcw/2025/gddsc_gddatasc
Graduate Diploma in Data Science (Applied) [Online],https://calendar.adelaide.edu.au/aprcw/2025/gddsa_gddscapol
Graduate Diploma in Engineering,https://calendar.adelaide.edu.au/aprcw/2025/gdeng_gdengaerogdengchemgdengcivengdengcivst
Graduate Diploma in Food and Nutrition Science,https://calendar.adelaide.edu.au/aprcw/2025/gdfns_gdfoodns
Graduate Diploma in Global Food and Nutrition Science,https://calendar.adelaide.edu.au/aprcw/2025/gdgfn_gdglobfns
Graduate Diploma in Maritime Engineering,https://calendar.adelaide.edu.au/aprcw/2025/gdmen_gdmaren
Graduate Diploma in Materials Engineering,https://calendar.adelaide.edu.au/aprcw/2025/gdme_gdmateng
Graduate Diploma in Petroleum Engineering,https://calendar.adelaide.edu.au/aprcw/2025/gdpe_gdpeteng
Graduate Diploma in Viticulture and Oenology,https://calendar.adelaide.edu.au/aprcw/2025/gdvo_gdvitoenol
Master of Architecture,https://calendar.adelaide.edu.au/aprcw/2025/march_marchcswk
Master of Architecture with Master of Landscape Architecture,https://calendar.adelaide.edu.au/aprcw/2025/marml_marcmlarc
Master of Artificial Intelligence and Machine Learning,https://calendar.adelaide.edu.au/aprcw/2025/maiml_maiml
Master of Biopharmaceutical Engineering,https://calendar.adelaide.edu.au/aprcw/2025/mbe_mbiopeng
Master of Biotechnology (Biomedical),https://calendar.adelaide.edu.au/aprcw/2025/mbib_mbibiom
Master of Biotechnology (Biomedical) (Advanced),https://calendar.adelaide.edu.au/aprcw/2025/mbba_mbbioadv
Master of Computer Science,https://calendar.adelaide.edu.au/aprcw/2025/mcoms_mcmpsci
Master of Computing and Innovation,https://calendar.adelaide.edu.au/aprcw/2025/mcomi_mcompinnov
Master of Construction Management,https://calendar.adelaide.edu.au/aprcw/2025/mcmgt_mconmgt
Master of Cyber Security,https://calendar.adelaide.edu.au/aprcw/2025/mcsec_mcybsecu
Master of Cyber Security [Online],https://calendar.adelaide.edu.au/aprcw/2025/mcsol_mcybsecol
Master of Data Science,https://calendar.adelaide.edu.au/aprcw/2025/mdsci_mdatasci
Master of Data Science (Applied) [Online],https://calendar.adelaide.edu.au/aprcw/2025/mdsa_mdscapol
Master of Engineering,https://calendar.adelaide.edu.au/aprcw/2025/meng_mengaeromengchmengcivenmengcivst
Master of Food and Nutrition Science,https://calendar.adelaide.edu.au/aprcw/2025/mfns_mfoodns
Master of Global Food and Nutrition Science,https://calendar.adelaide.edu.au/aprcw/2025/mgfn_mglobfns
Master of Landscape Architecture,https://calendar.adelaide.edu.au/aprcw/2025/mlack_mlarchcswk
Master of Maritime Engineering,https://calendar.adelaide.edu.au/aprcw/2025/mmen_mmaren
Master of Materials Engineering,https://calendar.adelaide.edu.au/aprcw/2025/mme_mmateng
Master of Mathematical Sciences,https://calendar.adelaide.edu.au/aprcw/2025/mmsci_mmasci
Master of Medical Radiation Physics,https://calendar.adelaide.edu.au/aprcw/2025/mmrp_mmedradp
Master of Petroleum Engineering,https://calendar.adelaide.edu.au/aprcw/2025/mpen_mpetroleng
Master of Planning (Urban Design),https://calendar.adelaide.edu.au/aprcw/2025/mpud_mplanud
Master of Planning (Urban Design) with Master of Landscape Architecture,https://calendar.adelaide.edu.au/aprcw/2025/mpmla_mlarcmplan
Master of Property,https://calendar.adelaide.edu.au/aprcw/2025/mprop_mproperty
Master of Viticulture and Oenology,https://calendar.adelaide.edu.au/aprcw/2025/mvo_mvitoenol
Doctor of Philosophy,https://calendar.adelaide.edu.au/aprhdr/2025/doctor-philosophy
Doctor of Philosophy,https://calendar.adelaide.edu.au/aprhdr/2025/doctor-philosophy
Master of Philosophy,https://calendar.adelaide.edu.au/aprhdr/2025/master-philosophy
Master of Philosophy,https://calendar.adelaide.edu.au/aprhdr/2025/master-philosophy
Executive Graduate Certificate in Business Administration,https://www.adelaide.edu.au/degree-finder/egcba_exgcbusad.html
Executive Graduate Diploma in Business Administration,https://www.adelaide.edu.au/degree-finder/egdba_exgdbusad.html
Executive Master of Business Administration,https://www.adelaide.edu.au/degree-finder/emba_exmbusad.html
Graduate Certificate in Artificial Intelligence and Machine Learning,https://www.adelaide.edu.au/degree-finder/gcaim_gcaiml.html
Graduate Certificate in Cyber Security,https://www.adelaide.edu.au/degree-finder/gccys_gccysec.html
Graduate Certificate in Data Science,https://www.adelaide.edu.au/degree-finder/gcdsc_gcdatasc.html
Graduate Certificate in International Addiction Studies,https://www.adelaide.edu.au/degree-finder/gcias_gcintadst.html
Graduate Certificate in Wine Business,https://www.adelaide.edu.au/degree-finder/gcwib_gcwinebus.html
Graduate Diploma in Artificial Intelligence and Machine Learning,https://www.adelaide.edu.au/degree-finder/gdaim_gdaiml.html
Graduate Diploma in Cyber Security,https://www.adelaide.edu.au/degree-finder/gdcys_gdcysec.html
Graduate Diploma in Data Science,https://www.adelaide.edu.au/degree-finder/gddsc_gddatasc.html
Graduate Diploma in International Addiction Studies,https://www.adelaide.edu.au/degree-finder/gdias_gdintadst.html
Graduate Diploma in Legal Practice,https://www.adelaide.edu.au/degree-finder/gdlp_gdlegalpr.html
Graduate Diploma in Wine Business,https://www.adelaide.edu.au/degree-finder/gdwib_gdwinebus.html
Master of Artificial Intelligence and Machine Learning,https://www.adelaide.edu.au/degree-finder/maiml_maiml.html
Master of Business Administration,https://www.adelaide.edu.au/degree-finder/mbusa_mbusad.html
Master of Business Administration (International),https://www.adelaide.edu.au/degree-finder/mbain_mbusadi.html
Master of Cyber Security,https://www.adelaide.edu.au/degree-finder/mcsec_mcybsecu.html
Master of Data Science,https://www.adelaide.edu.au/degree-finder/mdsci_mdatasci.html
Master of International Management,https://www.adelaide.edu.au/degree-finder/mim_mintmgmt.html
Master of Marketing,https://www.adelaide.edu.au/degree-finder/mmark_mmarket.html
Master of Project Management,https://www.adelaide.edu.au/degree-finder/mpmt_mprojmgt.html
Master of Project Management (Complex Systems),https://www.adelaide.edu.au/degree-finder/mpmcs_mpmcomsy.html
Master of Science in Addiction Studies,https://www.adelaide.edu.au/degree-finder/mas_maddstud.html
Master of Technology Innovation and Leadership,https://www.adelaide.edu.au/degree-finder/mtil_mtchinld.html
Master of Wine Business,https://www.adelaide.edu.au/degree-finder/mwb_mwinbus.html
Graduate Certificate in Business Administration - online,https://www.adelaide.edu.au/degree-finder/gcbao_gcbaol.html
Graduate Certificate in Cyber Security - online,https://www.adelaide.edu.au/degree-finder/gccse_gccsec.html
Graduate Certificate in Data Science (Applied) - online,https://www.adelaide.edu.au/degree-finder/gcdsa_gcdscapol.html
Graduate Certificate in Nursing Science (Infection Control Nursing) - online,https://www.adelaide.edu.au/degree-finder/gcnsc_gcnsicnol.html
Graduate Diploma in Business Administration - online,https://www.adelaide.edu.au/degree-finder/gdbao_gdbaol.html
Graduate Diploma in Cyber Security - online,https://www.adelaide.edu.au/degree-finder/gdcso_gdcybsecol.html
Graduate Diploma in Data Science (Applied) - online,https://www.adelaide.edu.au/degree-finder/gddsa_gddscapol.html
Graduate Diploma in Psychology - online,https://www.adelaide.edu.au/degree-finder/gdps_gdpsychol.html
Graduate Diploma in Psychology (Advanced) - online,https://www.adelaide.edu.au/degree-finder/gdpsa_gdpsaol.html
Master of Business Administration - online,https://www.adelaide.edu.au/degree-finder/mbaol_mbaol.html
Master of Business Administration (Health Management) - online,https://www.adelaide.edu.au/degree-finder/mbahm_mbahmol.html
Master of Cyber Security - online,https://www.adelaide.edu.au/degree-finder/mcsol_mcybsecol.html
Master of Data Science (Applied) - online,https://www.adelaide.edu.au/degree-finder/mdsa_mdscapol.html
